"","festival.site.fromId","festival.site.nearest1","festival.site.sd1"
"1","59153762022",0.0959649122807017,0.193755378060315
"2","59153762023",0.0701754385964912,0.193755378060315
