"","festival.site.fromId","festival.site.nearest3","festival.site.sd3"
"1","59153762022",0.0959649122807017,0.19584240264268
"2","59153762023",0.0701754385964912,0.19584240264268
